Hospital,URL,State,Awards
University of Vermont Medical Center,https://www.healthgrades.com//hospital-directory/vermont-vt/university-of-vermont-medical-center-hgst1f6cc8b6470003,VT,7
Portsmouth Regional Hospital,https://www.healthgrades.com//hospital-directory/new-hampshire-nh/portsmouth-regional-hospital-hgst8e080596300029,NH,6
Lawrence General Hospital,https://www.healthgrades.com//hospital-directory/massachusetts-ma/lawrence-general-hospital-hgst8dc52386220010,MA,5
North Shore Medical Center,https://www.healthgrades.com//hospital-directory/massachusetts-ma/north-shore-medical-center-hgsteec52386220035,MA,12
"Lahey Hospital and Medical Center, Burlington",https://www.healthgrades.com//hospital-directory/massachusetts-ma-boston/lahey-hospital-and-medical-center-burlington-hgstf4d52386220171,MA,14
Massachusetts General Hospital,https://www.healthgrades.com//hospital-directory/massachusetts-ma-boston/massachusetts-general-hospital-hgste0d52386220071,MA,8
Boston Medical Center,https://www.healthgrades.com//hospital-directory/massachusetts-ma-boston/boston-medical-center-hgstbec52386220031,MA,1
Brigham And Women's Faulkner Hospital,https://www.healthgrades.com//hospital-directory/massachusetts-ma-boston/brigham-and-womens-faulkner-hospital-hgst93d52386220119,MA,8
Newton-Wellesley Hospital,https://www.healthgrades.com//hospital-directory/massachusetts-ma-boston/newton-wellesley-hospital-hgsta2d52386220101,MA,5
The Miriam Hospital,https://www.healthgrades.com//hospital-directory/rhode-island-ri/the-miriam-hospital-hgst6d69e6a6410012,RI,5
Hartford Hospital,https://www.healthgrades.com//hospital-directory/connecticut-ct/hartford-hospital-hgstc4a28d46070025,CT,9
The Hospital of Central Connecticut at New Britain General Campus,https://www.healthgrades.com//hospital-directory/connecticut-ct/the-hospital-of-central-connecticut-at-new-britain-general-campus-hgst65a28d46070035,CT,5
Yale New Haven Hospital,https://www.healthgrades.com//hospital-directory/connecticut-ct/yale-new-haven-hospital-hgst94a28d46070022,CT,2
Evergreenhealth Medical Center-Kirkland,https://www.healthgrades.com//hospital-directory/washington-wa-seattle/evergreenhealth-medical-center-kirkland-hgstfcea6bc6500124,WA,13
Vassar Brothers Medical Center,https://www.healthgrades.com//hospital-directory/new-york-ny-poughkeepsie-north-nyc/vassar-brothers-medical-center-hgstba0a7b36330023,NY,6
Danbury Hospital,https://www.healthgrades.com//hospital-directory/connecticut-ct/danbury-hospital-hgst45a28d46070033,CT,9
Montefiore St. Luke's Cornwall,https://www.healthgrades.com//hospital-directory/new-york-ny-poughkeepsie-north-nyc/montefiore-st-lukes-cornwall-hgst2ff97b36330264,NY,3
Mather Hospital,https://www.healthgrades.com//hospital-directory/new-york-ny-nyc-suburbs-long-island/mather-hospital-hgstd00a7b36330185,NY,3
Norwalk Hospital,https://www.healthgrades.com//hospital-directory/connecticut-ct/norwalk-hospital-hgst55a28d46070034,CT,10
Stony Brook University Hospital,https://www.healthgrades.com//hospital-directory/new-york-ny-nyc-suburbs-long-island/stony-brook-university-hospital-hgst7af97b36330393,NY,8
Northern Westchester Hospital,https://www.healthgrades.com//hospital-directory/new-york-ny-nyc-suburbs-long-island/northern-westchester-hospital-hgst720a7b36330162,NY,5
Altru Hospital,https://www.healthgrades.com//hospital-directory/north-dakota-nd/altru-hospital-hgst33297b36350019,ND,3
Valley Hospital,https://www.healthgrades.com//hospital-directory/new-jersey-nj-north/valley-hospital-hgstf5380596310012,NJ,12
Hackensack University Medical Center,https://www.healthgrades.com//hospital-directory/new-jersey-nj-north/hackensack-university-medical-center-hgst55380596310001,NJ,10
Newyork-Presbyterian Queens,https://www.healthgrades.com//hospital-directory/new-york-ny-queens/newyork-presbyterian-queens-hgst490a7b36330055,NY,11
Chilton Medical Center,https://www.healthgrades.com//hospital-directory/new-jersey-nj-north/chilton-medical-center-hgst46380596310017,NJ,4
Lenox Hill Hospital,https://www.healthgrades.com//hospital-directory/new-york-ny-manhattan/lenox-hill-hospital-hgst760a7b36330119,NY,8
Jamaica Hospital Medical Center,https://www.healthgrades.com//hospital-directory/new-york-ny-queens/jamaica-hospital-medical-center-hgst5a0a7b36330014,NY,5
NYU Langone Hospitals,https://www.healthgrades.com//hospital-directory/new-york-ny-manhattan/nyu-langone-hospitals-hgst7ff97b36330214,NY,17
Cooperman Barnabas Medical Center,https://www.healthgrades.com//hospital-directory/new-jersey-nj-north/cooperman-barnabas-medical-center-hgstc9380596310076,NJ,10
Morristown Medical Center,https://www.healthgrades.com//hospital-directory/new-jersey-nj-north/morristown-medical-center-hgst26380596310015,NJ,10
Overlook Medical Center,https://www.healthgrades.com//hospital-directory/new-jersey-nj-north/overlook-medical-center-hgst58380596310051,NJ,17
Geisinger Wyoming Valley Medical Center,https://www.healthgrades.com//hospital-directory/pennsylvania-pa/geisinger-wyoming-valley-medical-center-hgste96ae6a6390270,PA,2
Riverview Medical Center,https://www.healthgrades.com//hospital-directory/new-jersey-nj-south/riverview-medical-center-hgst57380596310034,NJ,7
Robert Wood Johnson University Hospital Somerset,https://www.healthgrades.com//hospital-directory/new-jersey-nj-north/robert-wood-johnson-university-hospital-somerset-hgst28380596310048,NJ,11
Jersey Shore University Medical Center,https://www.healthgrades.com//hospital-directory/new-jersey-nj-south/jersey-shore-university-medical-center-hgst99380596310073,NJ,15
Penn Medicine Princeton Medical Center,https://www.healthgrades.com//hospital-directory/new-jersey-nj-north/penn-medicine-princeton-medical-center-hgstd5380596310010,NJ,9
St. Luke's Hospital-Bethlehem Campus,https://www.healthgrades.com//hospital-directory/pennsylvania-pa/st-lukes-hospital-bethlehem-campus-hgst6e59e6a6390049,PA,12
Grand View Health,https://www.healthgrades.com//hospital-directory/pennsylvania-pa-philadelphia/grand-view-health-hgstee59e6a6390057,PA,5
Legacy Salmon Creek Medical Center,https://www.healthgrades.com//hospital-directory/washington-wa/legacy-salmon-creek-medical-center-hgst58321295500150,WA,3
Jefferson Einstein Montgomery Hospital,https://www.healthgrades.com//hospital-directory/pennsylvania-pa-philadelphia/jefferson-einstein-montgomery-hospital-hgst0140c509390329,PA,7
Jefferson Einstein Philadelphia Hospital,https://www.healthgrades.com//hospital-directory/pennsylvania-pa-philadelphia/jefferson-einstein-philadelphia-hospital-hgst436ae6a6390142,PA,5
Temple University Hospital,https://www.healthgrades.com//hospital-directory/pennsylvania-pa-philadelphia/temple-university-hospital-hgst0d59e6a6390027,PA,4
Thomas Jefferson University Hospital,https://www.healthgrades.com//hospital-directory/pennsylvania-pa-philadelphia/thomas-jefferson-university-hospital-hgst456ae6a6390174,PA,9
Pennsylvania Hospital,https://www.healthgrades.com//hospital-directory/pennsylvania-pa-philadelphia/pennsylvania-hospital-hgste76ae6a6390226,PA,13
Reading Hospital,https://www.healthgrades.com//hospital-directory/pennsylvania-pa/reading-hospital-hgst1e59e6a6390044,PA,6
Lankenau Medical Center,https://www.healthgrades.com//hospital-directory/pennsylvania-pa-philadelphia/lankenau-medical-center-hgst666ae6a6390195,PA,8
Penn Presbyterian Medical Center,https://www.healthgrades.com//hospital-directory/pennsylvania-pa-philadelphia/penn-presbyterian-medical-center-hgstb76ae6a6390223,PA,15
BRYN Mawr Hospital,https://www.healthgrades.com//hospital-directory/pennsylvania-pa-philadelphia/bryn-mawr-hospital-hgst236ae6a6390139,PA,4
Hospital of the University of Pennsylvania,https://www.healthgrades.com//hospital-directory/pennsylvania-pa-philadelphia/hospital-of-the-university-of-pennsylvania-hgst6eb9e6a6390111,PA,17
Paoli Hospital,https://www.healthgrades.com//hospital-directory/pennsylvania-pa-philadelphia/paoli-hospital-hgste36ae6a6390153,PA,7
Riddle Memorial Hospital,https://www.healthgrades.com//hospital-directory/pennsylvania-pa-philadelphia/riddle-memorial-hospital-hgsta76ae6a6390222,PA,9
Chester County Hospital,https://www.healthgrades.com//hospital-directory/pennsylvania-pa-philadelphia/chester-county-hospital-hgst856ae6a6390179,PA,11
WellSpan Ephrata Community Hospital,https://www.healthgrades.com//hospital-directory/pennsylvania-pa/wellspan-ephrata-community-hospital-hgstd76ae6a6390225,PA,2
Milton S Hershey Medical Center,https://www.healthgrades.com//hospital-directory/pennsylvania-pa/milton-s-hershey-medical-center-hgst396ae6a6390256,PA,16
Lancaster General Hospital,https://www.healthgrades.com//hospital-directory/pennsylvania-pa/lancaster-general-hospital-hgst7169e6a6390100,PA,11
UPMC Harrisburg,https://www.healthgrades.com//hospital-directory/pennsylvania-pa/upmc-harrisburg-hgst9f59e6a6390067,PA,10
"Beaumont Hospital, Troy",https://www.healthgrades.com//hospital-directory/michigan-mi-detroit/beaumont-hospital-troy-hgst80762386230269,MI,10
WellSpan York Hospital,https://www.healthgrades.com//hospital-directory/pennsylvania-pa/wellspan-york-hospital-hgst3e59e6a6390046,PA,1
Mayo Clinic Health System In Eau Claire,https://www.healthgrades.com//hospital-directory/wisconsin-wi/mayo-clinic-health-system-in-eau-claire-hgst288b6bc6520070,WI,11
Ascension Providence Hospital-Southfield Campus,https://www.healthgrades.com//hospital-directory/michigan-mi-detroit/ascension-providence-hospital-southfield-campus-hgstf3662386230019,MI,8
WellSpan Chambersburg Hospital,https://www.healthgrades.com//hospital-directory/pennsylvania-pa/wellspan-chambersburg-hospital-hgstc36ae6a6390151,PA,3
Cleveland Clinic,https://www.healthgrades.com//hospital-directory/ohio-oh/cleveland-clinic-hgst62e80596360180,OH,7
Mercy Health-St. Elizabeth Youngstown Hospital,https://www.healthgrades.com//hospital-directory/ohio-oh/mercy-health-st-elizabeth-youngstown-hospital-hgst6bd80596360064,OH,13
Johns Hopkins Bayview Medical Center,https://www.healthgrades.com//hospital-directory/maryland-md-baltimore/johns-hopkins-bayview-medical-center-hgsta2857767210029,MD,7
The Johns Hopkins Hospital,https://www.healthgrades.com//hospital-directory/maryland-md-baltimore/the-johns-hopkins-hospital-hgst61857767210009,MD,16
Fairview Hospital,https://www.healthgrades.com//hospital-directory/ohio-oh/fairview-hospital-hgst3cd80596360077,OH,9
UH St. John Medical Center,https://www.healthgrades.com//hospital-directory/ohio-oh/uh-st-john-medical-center-hgst0fd80596360123,OH,5
Southwest General Health Center,https://www.healthgrades.com//hospital-directory/ohio-oh/southwest-general-health-center-hgst11e80596360155,OH,4
UM Baltimore Washington Medical Center,https://www.healthgrades.com//hospital-directory/maryland-md-baltimore/um-baltimore-washington-medical-center-hgst93857767210043,MD,5
Mercy Health-Lorain Hospital,https://www.healthgrades.com//hospital-directory/ohio-oh/mercy-health-lorain-hospital-hgstf1e80596360172,OH,4
Summa Health System-Akron Campus,https://www.healthgrades.com//hospital-directory/ohio-oh/summa-health-system-akron-campus-hgst98d80596360020,OH,16
Ascension Columbia Saint Mary's Hospital-Milwaukee Campus,https://www.healthgrades.com//hospital-directory/wisconsin-wi/ascension-columbia-saint-marys-hospital-milwaukee-campus-hgst278b6bc6520051,WI,9
Froedtert Memorial Lutheran Hospital,https://www.healthgrades.com//hospital-directory/wisconsin-wi/froedtert-memorial-lutheran-hospital-hgst4d8b6bc6520177,WI,16
Mercy Health-St. Vincent Medical Center,https://www.healthgrades.com//hospital-directory/ohio-oh/mercy-health-st-vincent-medical-center-hgst5ed80596360112,OH,3
ProMedica Toledo Hospital,https://www.healthgrades.com//hospital-directory/ohio-oh/promedica-toledo-hospital-hgstabd80596360068,OH,8
Ascension Borgess Hospital,https://www.healthgrades.com//hospital-directory/michigan-mi/ascension-borgess-hospital-hgst29662386230117,MI,13
"Mayo Clinic Hospital, Saint Marys Campus",https://www.healthgrades.com//hospital-directory/minnesota-mn/mayo-clinic-hospital-saint-marys-campus-hgst9e172386240010,MN,15
MedStar Washington Hospital Center,https://www.healthgrades.com//hospital-directory/washington-dc/medstar-washington-hospital-center-hgst16e28d46090011,DC,2
Aurora Medical Center Summit,https://www.healthgrades.com//hospital-directory/wisconsin-wi/aurora-medical-center-summit-hgst9a5c319b520206,WI,4
Inova Loudoun Hospital,https://www.healthgrades.com//hospital-directory/virginia-va/inova-loudoun-hospital-hgstfa7cc8b6490043,VA,5
Mayo Clinic Health System Mankato,https://www.healthgrades.com//hospital-directory/minnesota-mn/mayo-clinic-health-system-mankato-hgst13272386240093,MN,7
Inova Alexandria Hospital,https://www.healthgrades.com//hospital-directory/virginia-va/inova-alexandria-hospital-hgstca7cc8b6490040,VA,8
Inova Fairfax Hospital,https://www.healthgrades.com//hospital-directory/virginia-va/inova-fairfax-hospital-hgst0c7cc8b6490063,VA,13
Inova Fair Oaks Hospital,https://www.healthgrades.com//hospital-directory/virginia-va/inova-fair-oaks-hospital-hgsted7cc8b6490101,VA,7
Corewell Health Lakeland St Joseph Hospital,https://www.healthgrades.com//hospital-directory/michigan-mi/corewell-health-lakeland-st-joseph-hospital-hgst14662386230021,MI,8
OhioHealth Mansfield Hospital,https://www.healthgrades.com//hospital-directory/ohio-oh/ohiohealth-mansfield-hospital-hgstaed80596360118,OH,10
Northwestern Medicine Lake Forest Hospital,https://www.healthgrades.com//hospital-directory/illinois-il-chicago-metro-area/northwestern-medicine-lake-forest-hospital-hgstc3346f56140130,IL,4
Northwestern Medicine McHenry Hospital,https://www.healthgrades.com//hospital-directory/illinois-il/northwestern-medicine-mchenry-hospital-hgstc2346f56140116,IL,10
Advocate Good Shepherd Hospital,https://www.healthgrades.com//hospital-directory/illinois-il-chicago-metro-area/advocate-good-shepherd-hospital-hgst0c346f56140291,IL,7
Northshore University Healthsystem Evanston Hospital,https://www.healthgrades.com//hospital-directory/illinois-il-chicago-metro-area/northshore-university-healthsystem-evanston-hospital-hgst9c246f56140010,IL,5
Advocate Lutheran General Hospital,https://www.healthgrades.com//hospital-directory/illinois-il-chicago-metro-area/advocate-lutheran-general-hospital-hgst29346f56140223,IL,15
Parkview Regional Medical Center,https://www.healthgrades.com//hospital-directory/indiana-in/parkview-regional-medical-center-hgst31444176150021,IN,4
Saint Alexius Medical Center,https://www.healthgrades.com//hospital-directory/illinois-il-chicago-metro-area/saint-alexius-medical-center-hgstfb346f56140290,IL,5
Javon Bea Hospital-Rockton,https://www.healthgrades.com//hospital-directory/illinois-il/javon-bea-hospital-rockton-hgste9346f56140239,IL,7
Alexian Brothers Medical Center 1,https://www.healthgrades.com//hospital-directory/illinois-il-chicago-metro-area/alexian-brothers-medical-center-1-hgstea346f56140258,IL,13
Northwestern Memorial Hospital,https://www.healthgrades.com//hospital-directory/illinois-il-chicago-metro-area/northwestern-memorial-hospital-hgst9b346f56140281,IL,7
Mercy Health-St. Rita's Medical Center,https://www.healthgrades.com//hospital-directory/ohio-oh/mercy-health-st-ritas-medical-center-hgst8bd80596360066,OH,10
The University of Chicago Medical Center,https://www.healthgrades.com//hospital-directory/illinois-il-chicago-metro-area/the-university-of-chicago-medical-center-hgst11346f56140088,IL,9
Advocate Christ Medical Center,https://www.healthgrades.com//hospital-directory/illinois-il-chicago-metro-area/advocate-christ-medical-center-hgst48346f56140208,IL,5
Northwestern Medicine Delnor Hospital,https://www.healthgrades.com//hospital-directory/illinois-il-chicago-metro-area/northwestern-medicine-delnor-hospital-hgst88346f56140211,IL,2
Avera McKennan Hospital and University Health Center,https://www.healthgrades.com//hospital-directory/south-dakota-sd/avera-mckennan-hospital-and-university-health-center-hgst63cae6a6430016,SD,4
Riverside Methodist Hospital,https://www.healthgrades.com//hospital-directory/ohio-oh/riverside-methodist-hospital-hgst97d80596360006,OH,10
Bon Secours Memorial Regional Medical Center,https://www.healthgrades.com//hospital-directory/virginia-va/bon-secours-memorial-regional-medical-center-hgst3c7cc8b6490069,VA,7
OhioHealth Grant Medical Center,https://www.healthgrades.com//hospital-directory/ohio-oh/ohiohealth-grant-medical-center-hgst58d80596360017,OH,2
St. Mary's Hospital,https://www.healthgrades.com//hospital-directory/virginia-va/st-marys-hospital-hgstdb7cc8b6490059,VA,13
Chippenham Hospital,https://www.healthgrades.com//hospital-directory/virginia-va/chippenham-hospital-hgst8e7cc8b6490112,VA,13
Camden Clark Medical Center,https://www.healthgrades.com//hospital-directory/west-virginia-wv/camden-clark-medical-center-hgstde2b6bc6510058,WV,2
Bon Secours St. Francis Medical Center,https://www.healthgrades.com//hospital-directory/virginia-va/bon-secours-st-francis-medical-center-hgst4817c50f490136,VA,5
Mercy Health-Springfield Regional Medical Center,https://www.healthgrades.com//hospital-directory/ohio-oh/mercy-health-springfield-regional-medical-center-hgstdcd80596360086,OH,8
Reid Health,https://www.healthgrades.com//hospital-directory/indiana-in/reid-health-hgstd2444176150048,IN,6
Bethesda North Hospital,https://www.healthgrades.com//hospital-directory/ohio-oh/bethesda-north-hospital-hgst52e80596360179,OH,5
Mercy Health-Fairfield Hospital,https://www.healthgrades.com//hospital-directory/ohio-oh/mercy-health-fairfield-hospital-hgstdad80596360056,OH,13
The Jewish Hospital-Mercy Health,https://www.healthgrades.com//hospital-directory/ohio-oh/the-jewish-hospital-mercy-health-hgst48d80596360016,OH,11
Cabell Huntington Hospital,https://www.healthgrades.com//hospital-directory/west-virginia-wv/cabell-huntington-hospital-hgstce2b6bc6510055,WV,13
Mercyone Des Moines Medical Center,https://www.healthgrades.com//hospital-directory/iowa-ia/mercyone-des-moines-medical-center-hgst1dc44176160083,IA,0
Mercy Health-West Hospital,https://www.healthgrades.com//hospital-directory/ohio-oh/mercy-health-west-hospital-hgst24e80596360234,OH,8
Franciscan Health Indianapolis,https://www.healthgrades.com//hospital-directory/indiana-in/franciscan-health-indianapolis-hgstb4d99704150162,IN,12
OSF Saint Joseph Medical Center,https://www.healthgrades.com//hospital-directory/illinois-il/osf-saint-joseph-medical-center-hgstc5346f56140162,IL,14
Carle Foundation Hospital,https://www.healthgrades.com//hospital-directory/illinois-il/carle-foundation-hospital-hgst51346f56140091,IL,9
CHI Health Creighton University Medical Center-Bergan Mercy,https://www.healthgrades.com//hospital-directory/nebraska-ne/chi-health-creighton-university-medical-center-bergan-mercy-hgst8dc70596280060,NE,3
Saint Joseph Hospital,https://www.healthgrades.com//hospital-directory/kentucky-ky/saint-joseph-hospital-hgstc2854176180010,KY,3
Intermountain Health McKay-Dee Hospital,https://www.healthgrades.com//hospital-directory/utah-ut/intermountain-health-mckay-dee-hospital-hgstb25cc8b6460004,UT,7
Enloe Medical Center,https://www.healthgrades.com//hospital-directory/california-ca-northern/enloe-medical-center-hgst4c418d46050039,CA,1
Barnes Jewish Hospital,https://www.healthgrades.com//hospital-directory/missouri-mo-st-louis/barnes-jewish-hospital-hgstf1f72386260032,MO,13
Boone Hospital Center,https://www.healthgrades.com//hospital-directory/missouri-mo/boone-hospital-center-hgst14f72386260068,MO,3
Sutter Santa Rosa Regional Hospital,https://www.healthgrades.com//hospital-directory/california-ca-northern/sutter-santa-rosa-regional-hospital-hgst3a518d46050291,CA,3
Mission Hospital,https://www.healthgrades.com//hospital-directory/north-carolina-nc/mission-hospital-hgstcb797b36340002,NC,20
Sutter Roseville Medical Center,https://www.healthgrades.com//hospital-directory/california-ca-northern/sutter-roseville-medical-center-hgst2b518d46050309,CA,3
Centerpoint Medical Center,https://www.healthgrades.com//hospital-directory/missouri-mo-kansas-city/centerpoint-medical-center-hgst95f72386260095,MO,18
Grand Strand Medical Center,https://www.healthgrades.com//hospital-directory/south-carolina-sc/grand-strand-medical-center-hgstf28ae6a6420085,SC,14
University of Kansas Hospital,https://www.healthgrades.com//hospital-directory/kansas-ks/university-of-kansas-hospital-hgste4354176170040,KS,6
Pardee Hospital,https://www.healthgrades.com//hospital-directory/north-carolina-nc/pardee-hospital-hgstca797b36340017,NC,6
UC Davis Medical Center,https://www.healthgrades.com//hospital-directory/california-ca-northern/uc-davis-medical-center-hgst48618d46050599,CA,15
Overland Park Regional Medical Center,https://www.healthgrades.com//hospital-directory/kansas-ks/overland-park-regional-medical-center-hgstbb354176170176,KS,2
Menorah Medical Center,https://www.healthgrades.com//hospital-directory/kansas-ks/menorah-medical-center-hgst0c354176170182,KS,9
Rose Medical Center,https://www.healthgrades.com//hospital-directory/colorado-co/rose-medical-center-hgst1b428d46060032,CO,3
Marinhealth Medical Center,https://www.healthgrades.com//hospital-directory/california-ca-marin-napa-solano/marinhealth-medical-center-hgst8d518d46050360,CA,1
The Medical Center of Aurora,https://www.healthgrades.com//hospital-directory/colorado-co/the-medical-center-of-aurora-hgstae428d46060100,CO,12
Prisma Health Greenville Memorial Hospital,https://www.healthgrades.com//hospital-directory/south-carolina-sc/prisma-health-greenville-memorial-hospital-hgst828ae6a6420078,SC,8
Swedish Medical Center,https://www.healthgrades.com//hospital-directory/colorado-co/swedish-medical-center-hgst3b428d46060034,CO,19
Mercy Health Lourdes Hospital,https://www.healthgrades.com//hospital-directory/kentucky-ky/mercy-health-lourdes-hospital-hgst67854176180102,KY,9
Alta Bates Summit Medical Center-Alta Bates Campus,https://www.healthgrades.com//hospital-directory/california-ca-oakland-berkeley/alta-bates-summit-medical-center-alta-bates-campus-hgstfa518d46050305,CA,7
Tristar Hendersonville Medical Center,https://www.healthgrades.com//hospital-directory/tennessee-tn/tristar-hendersonville-medical-center-hgstbefae6a6440194,TN,13
AdventHealth Parker,https://www.healthgrades.com//hospital-directory/colorado-co/adventhealth-parker-hgst51b0f648060114,CO,2
CPMC Van Ness Campus,https://www.healthgrades.com//hospital-directory/california-ca-san-francisco/cpmc-van-ness-campus-hgstbc418d46050047,CA,6
Alta Bates Summit Medical Center,https://www.healthgrades.com//hospital-directory/california-ca-oakland-berkeley/alta-bates-summit-medical-center-hgst8c418d46050043,CA,7
UCSF Helen Diller Medical Center at Parnassus Heights,https://www.healthgrades.com//hospital-directory/california-ca-san-francisco/ucsf-helen-diller-medical-center-at-parnassus-heights-hgst32618d46050454,CA,10
SKY Ridge Medical Center,https://www.healthgrades.com//hospital-directory/colorado-co/sky-ridge-medical-center-hgst835440b1060112,CO,15
St. Joseph's Medical Center Stockton,https://www.healthgrades.com//hospital-directory/california-ca-northern/st-josephs-medical-center-stockton-hgstce418d46050084,CA,1
Tristar Skyline Medical Center,https://www.healthgrades.com//hospital-directory/tennessee-tn/tristar-skyline-medical-center-hgsta5fae6a6440006,TN,10
Tristar Summit Medical Center,https://www.healthgrades.com//hospital-directory/tennessee-tn/tristar-summit-medical-center-hgst4cfae6a6440150,TN,14
Tristar Centennial Medical Center,https://www.healthgrades.com//hospital-directory/tennessee-tn/tristar-centennial-medical-center-hgstecfae6a6440161,TN,19
Mills-Peninsula Medical Center,https://www.healthgrades.com//hospital-directory/california-ca-san-mateo/mills-peninsula-medical-center-hgstaa418d46050007,CA,9
Vanderbilt University Medical Center,https://www.healthgrades.com//hospital-directory/tennessee-tn/vanderbilt-university-medical-center-hgst67fae6a6440039,TN,6
Stanford Hospital,https://www.healthgrades.com//hospital-directory/california-ca-santa-clara/stanford-hospital-hgst91618d46050441,CA,11
Memorial Medical Center,https://www.healthgrades.com//hospital-directory/california-ca-northern/memorial-medical-center-hgst16618d46050557,CA,5
Regional Medical Center of San Jose,https://www.healthgrades.com//hospital-directory/california-ca-santa-clara/regional-medical-center-of-san-jose-hgst31518d46050125,CA,12
Trident Medical Center,https://www.healthgrades.com//hospital-directory/south-carolina-sc/trident-medical-center-hgst928ae6a6420079,SC,9
Santa Clara Valley Medical Center,https://www.healthgrades.com//hospital-directory/california-ca-santa-clara/santa-clara-valley-medical-center-hgst3c418d46050038,CA,1
Good Samaritan Hospital,https://www.healthgrades.com//hospital-directory/california-ca-santa-clara/good-samaritan-hospital-hgst8e518d46050380,CA,10
MUSC Medical Center,https://www.healthgrades.com//hospital-directory/south-carolina-sc/musc-medical-center-hgstde7ae6a6420004,SC,6
Roper Hospital,https://www.healthgrades.com//hospital-directory/south-carolina-sc/roper-hospital-hgst138ae6a6420087,SC,14
CHI Memorial Hospital Chattanooga,https://www.healthgrades.com//hospital-directory/tennessee-tn/chi-memorial-hospital-chattanooga-hgstd9fae6a6440091,TN,7
Parkridge Medical Center,https://www.healthgrades.com//hospital-directory/tennessee-tn/parkridge-medical-center-hgst9cfae6a6440156,TN,13
Ascension Via Christi St. Francis,https://www.healthgrades.com//hospital-directory/kansas-ks/ascension-via-christi-st-francis-hgst89354176170122,KS,8
Wesley Medical Center,https://www.healthgrades.com//hospital-directory/kansas-ks/wesley-medical-center-hgst99354176170123,KS,9
Emory Johns Creek Hospital,https://www.healthgrades.com//hospital-directory/georgia-ga-atlanta/emory-johns-creek-hospital-hgst621febfc110230,GA,11
Community Hospital of the Monterey Peninsula,https://www.healthgrades.com//hospital-directory/california-ca-southern/community-hospital-of-the-monterey-peninsula-hgst72518d46050145,CA,5
AdventHealth Redmond,https://www.healthgrades.com//hospital-directory/georgia-ga/adventhealth-redmond-hgst44436f56110168,GA,15
Emory Saint Joseph's Hospital,https://www.healthgrades.com//hospital-directory/georgia-ga-atlanta/emory-saint-josephs-hospital-hgst00436f56110082,GA,12
Emory University Hospital,https://www.healthgrades.com//hospital-directory/georgia-ga-atlanta/emory-university-hospital-hgst2c336f56110010,GA,9
Piedmont Hospital,https://www.healthgrades.com//hospital-directory/georgia-ga-atlanta/piedmont-hospital-hgst10436f56110083,GA,7
Emory University Hospital Midtown,https://www.healthgrades.com//hospital-directory/georgia-ga-atlanta/emory-university-hospital-midtown-hgstcf336f56110078,GA,10
MountainView Hospital,https://www.healthgrades.com//hospital-directory/nevada-nv/mountainview-hospital-hgstc6f70596290039,NV,8
Sunrise Hospital and Medical Center,https://www.healthgrades.com//hospital-directory/nevada-nv/sunrise-hospital-and-medical-center-hgstd4f70596290003,NV,9
Southern Hills Hospital and Medical Center,https://www.healthgrades.com//hospital-directory/nevada-nv/southern-hills-hospital-and-medical-center-hgste632750c290047,NV,5
Mayo Clinic In Florida,https://www.healthgrades.com//hospital-directory/florida-fl/mayo-clinic-in-florida-hgst7c138d46100151,FL,15
HCA Florida Memorial Hospital,https://www.healthgrades.com//hospital-directory/florida-fl/hca-florida-memorial-hospital-hgst0e138d46100179,FL,5
HCA Florida Orange Park Hospital,https://www.healthgrades.com//hospital-directory/florida-fl/hca-florida-orange-park-hospital-hgst70238d46100226,FL,14
St. John's Regional Medical Center,https://www.healthgrades.com//hospital-directory/california-ca-ventura/st-johns-regional-medical-center-hgstbe418d46050082,CA,10
Los Robles Regional Medical Center,https://www.healthgrades.com//hospital-directory/california-ca-ventura/los-robles-regional-medical-center-hgstd5618d46050549,CA,14
Providence Holy Cross Medical Center,https://www.healthgrades.com//hospital-directory/california-ca-los-angeles/providence-holy-cross-medical-center-hgst89518d46050278,CA,3
West Hills Hospital and Medical Center,https://www.healthgrades.com//hospital-directory/california-ca-los-angeles/west-hills-hospital-and-medical-center-hgst33618d46050481,CA,6
Northridge Hospital Medical Center,https://www.healthgrades.com//hospital-directory/california-ca-los-angeles/northridge-hospital-medical-center-hgstb0518d46050116,CA,5
Adventist Health Glendale,https://www.healthgrades.com//hospital-directory/california-ca-los-angeles/adventist-health-glendale-hgst97518d46050239,CA,4
UF Health Shands Hospital,https://www.healthgrades.com//hospital-directory/florida-fl/uf-health-shands-hospital-hgst4a138d46100113,FL,6
Ronald Reagan UCLA Medical Center,https://www.healthgrades.com//hospital-directory/california-ca-los-angeles/ronald-reagan-ucla-medical-center-hgstb8518d46050262,CA,9
HCA Florida North Florida Hospital,https://www.healthgrades.com//hospital-directory/florida-fl/hca-florida-north-florida-hospital-hgst3f138d46100204,FL,28
Cedars-Sinai Medical Center,https://www.healthgrades.com//hospital-directory/california-ca-los-angeles/cedars-sinai-medical-center-hgst69618d46050625,CA,9
Providence Saint John's Health Center,https://www.healthgrades.com//hospital-directory/california-ca-los-angeles/providence-saint-johns-health-center-hgst2a518d46050290,CA,3
Santa Monica UCLA Medical Center and Orthopaedic Hospital,https://www.healthgrades.com//hospital-directory/california-ca-los-angeles/santa-monica-ucla-medical-center-and-orthopaedic-hospital-hgst70518d46050112,CA,3
Riverside Community Hospital,https://www.healthgrades.com//hospital-directory/california-ca-southern/riverside-community-hospital-hgst8b418d46050022,CA,9
HCA Florida Ocala Hospital,https://www.healthgrades.com//hospital-directory/florida-fl/hca-florida-ocala-hospital-hgstbf138d46100212,FL,14
AdventHealth Waterman,https://www.healthgrades.com//hospital-directory/florida-fl/adventhealth-waterman-hgst47138d46100057,FL,1
AdventHealth Orlando,https://www.healthgrades.com//hospital-directory/florida-fl/adventhealth-orlando-hgst44138d46100007,FL,28
Orlando Health Orlando Regional Medical Center,https://www.healthgrades.com//hospital-directory/florida-fl/orlando-health-orlando-regional-medical-center-hgst34138d46100006,FL,10
Orlando Health-Health Central Hospital,https://www.healthgrades.com//hospital-directory/florida-fl/orlando-health-health-central-hospital-hgstb5138d46100030,FL,2
MemorialCare Saddleback Medical Center,https://www.healthgrades.com//hospital-directory/california-ca-anaheim-santa-ana/memorialcare-saddleback-medical-center-hgst68618d46050603,CA,7
Baylor Scott & White Medical Center-McKinney,https://www.healthgrades.com//hospital-directory/texas-tx-northern/baylor-scott-white-medical-center-mckinney-hgst7e548527670082,TX,0
HCA Florida Oak Hill Hospital,https://www.healthgrades.com//hospital-directory/florida-fl/hca-florida-oak-hill-hospital-hgst62238d46100264,FL,6
Medical City McKinney,https://www.healthgrades.com//hospital-directory/texas-tx-northern/medical-city-mckinney-hgst803bc8b6450403,TX,7
Medical City Denton,https://www.healthgrades.com//hospital-directory/texas-tx-northern/medical-city-denton-hgst883bc8b6450634,TX,4
AdventHealth Zephyrhills,https://www.healthgrades.com//hospital-directory/florida-fl/adventhealth-zephyrhills-hgst96138d46100046,FL,4
Medical City Plano,https://www.healthgrades.com//hospital-directory/texas-tx-northern/medical-city-plano-hgst693bc8b6450651,TX,17
Scripps Memorial Hospital Encinitas,https://www.healthgrades.com//hospital-directory/california-ca-southern/scripps-memorial-hospital-encinitas-hgst24618d46050503,CA,7
AdventHealth Wesley Chapel,https://www.healthgrades.com//hospital-directory/florida-fl/adventhealth-wesley-chapel-hgst4def4e57100319,FL,1
Mayo Clinic Hospital,https://www.healthgrades.com//hospital-directory/arizona-az/mayo-clinic-hospital-hgst460b7b36030103,AZ,10
Medical City Dallas,https://www.healthgrades.com//hospital-directory/texas-tx-dallas/medical-city-dallas-hgst293bc8b6450647,TX,8
Banner Thunderbird Medical Center,https://www.healthgrades.com//hospital-directory/arizona-az/banner-thunderbird-medical-center-hgst750b7b36030089,AZ,7
Baylor Scott & White Medical Center-Grapevine,https://www.healthgrades.com//hospital-directory/texas-tx-fort-worth/baylor-scott-white-medical-center-grapevine-hgst153bc8b6450563,TX,9
HCA Florida Trinity Hospital,https://www.healthgrades.com//hospital-directory/florida-fl/hca-florida-trinity-hospital-hgstae138d46100191,FL,12
William P. Clements JR. University Hospital,https://www.healthgrades.com//hospital-directory/texas-tx-dallas/william-p-clements-jr-university-hospital-hgste02bc8b6450044,TX,5
Baylor University Medical Center,https://www.healthgrades.com//hospital-directory/texas-tx-dallas/baylor-university-medical-center-hgstbf1bc8b6450021,TX,3
Banner University Medical Center Phoenix,https://www.healthgrades.com//hospital-directory/arizona-az/banner-university-medical-center-phoenix-hgste00b7b36030002,AZ,5
UC San Diego Health Hillcrest Hillcrest Medical Center,https://www.healthgrades.com//hospital-directory/california-ca-southern/uc-san-diego-health-hillcrest-hillcrest-medical-center-hgstab418d46050025,CA,16
Scripps Mercy Hospital San Diego,https://www.healthgrades.com//hospital-directory/california-ca-southern/scripps-mercy-hospital-san-diego-hgst5e418d46050077,CA,3
HCA Florida JFK Hospital,https://www.healthgrades.com//hospital-directory/florida-fl-fort-lauderdale/hca-florida-jfk-hospital-hgst88138d46100080,FL,10
Texas Health Fort Worth,https://www.healthgrades.com//hospital-directory/texas-tx-fort-worth/texas-health-fort-worth-hgst752bc8b6450135,TX,8
Medical City Fort Worth,https://www.healthgrades.com//hospital-directory/texas-tx-fort-worth/medical-city-fort-worth-hgstba3bc8b6450672,TX,8
Medical City Arlington,https://www.healthgrades.com//hospital-directory/texas-tx-fort-worth/medical-city-arlington-hgstea3bc8b6450675,TX,4
Baylor Scott & White All Saints Medical Center-Fort Worth,https://www.healthgrades.com//hospital-directory/texas-tx-fort-worth/baylor-scott-white-all-saints-medical-center-fort-worth-hgst952bc8b6450137,TX,3
HCA Florida Largo Hospital,https://www.healthgrades.com//hospital-directory/florida-fl/hca-florida-largo-hospital-hgsta1238d46100248,FL,11
HCA Florida Northside Hospital,https://www.healthgrades.com//hospital-directory/florida-fl/hca-florida-northside-hospital-hgst21238d46100238,FL,3
HCA Florida Northwest Hospital,https://www.healthgrades.com//hospital-directory/florida-fl-fort-lauderdale/hca-florida-northwest-hospital-hgst8e138d46100189,FL,4
Sarasota Memorial Hospital,https://www.healthgrades.com//hospital-directory/florida-fl/sarasota-memorial-hospital-hgstf8138d46100087,FL,16
HCA Florida Aventura Hospital,https://www.healthgrades.com//hospital-directory/florida-fl-miami/hca-florida-aventura-hospital-hgst5b138d46100131,FL,14
Mount Sinai Medical Center,https://www.healthgrades.com//hospital-directory/florida-fl-miami/mount-sinai-medical-center-hgstf5138d46100034,FL,8
Lee Memorial Hospital,https://www.healthgrades.com//hospital-directory/florida-fl-fort-lauderdale/lee-memorial-hospital-hgst94138d46100012,FL,6
Cape Coral Hospital,https://www.healthgrades.com//hospital-directory/florida-fl-fort-lauderdale/cape-coral-hospital-hgst81238d46100244,FL,4
HCA Florida Kendall Hospital,https://www.healthgrades.com//hospital-directory/florida-fl-miami/hca-florida-kendall-hospital-hgst7f138d46100209,FL,9
Gulf Coast Medical Center,https://www.healthgrades.com//hospital-directory/florida-fl-fort-lauderdale/gulf-coast-medical-center-hgst10238d46100220,FL,7
Naples Community Hospital,https://www.healthgrades.com//hospital-directory/florida-fl-fort-lauderdale/naples-community-hospital-hgstf4138d46100018,FL,20
Las Palmas Medical Center,https://www.healthgrades.com//hospital-directory/texas-tx-central/las-palmas-medical-center-hgstf32bc8b6450107,TX,14
Houston Methodist the Woodlands Hospital,https://www.healthgrades.com//hospital-directory/texas-tx-southern/houston-methodist-the-woodlands-hospital-hgst33449f23670122,TX,10
HCA Houston Healthcare Kingwood,https://www.healthgrades.com//hospital-directory/texas-tx-houston/hca-houston-healthcare-kingwood-hgste04bc8b6450775,TX,16
St. David's North Austin Medical Center,https://www.healthgrades.com//hospital-directory/texas-tx-austin/st-davids-north-austin-medical-center-hgst234bc8b6450809,TX,6
Houston Methodist Baytown Hospital,https://www.healthgrades.com//hospital-directory/texas-tx-houston/houston-methodist-baytown-hospital-hgst313bc8b6450424,TX,5
St. David's Medical Center,https://www.healthgrades.com//hospital-directory/texas-tx-austin/st-davids-medical-center-hgst613bc8b6450431,TX,26
St. David's South Austin Medical Center,https://www.healthgrades.com//hospital-directory/texas-tx-austin/st-davids-south-austin-medical-center-hgstec3bc8b6450713,TX,12
